<?xml version="1.0" encoding="UTF-8"?>

<mule xmlns:json="http://www.mulesoft.org/schema/mule/json" xmlns="http://www.mulesoft.org/schema/mule/core" xmlns:doc="http://www.mulesoft.org/schema/mule/documentation"
	xmlns:spring="http://www.springframework.org/schema/beans" 
	xmlns:xsi="http://www.w3.org/2001/XMLSchema-instance"
	xsi:schemaLocation="http://www.springframework.org/schema/beans http://www.springframework.org/schema/beans/spring-beans-current.xsd
http://www.mulesoft.org/schema/mule/core http://www.mulesoft.org/schema/mule/core/current/mule.xsd
http://www.mulesoft.org/schema/mule/json http://www.mulesoft.org/schema/mule/json/current/mule-json.xsd">
    <catch-exception-strategy name="global-exception-handler">
        <logger message="Executing Global Exception Handler" level="INFO" doc:name="Logger"/>
        <message-properties-transformer doc:name="Message Properties">
            <add-message-property key="http.status" value="500"/>
            <add-message-property key="Content-type" value="application/json"/>
        </message-properties-transformer>
        <set-payload value="There are issues in connecting to the web service.
The reason for error is :#[exception.getMessage()]
status is :#[message.outboundProperties.'http.status']" doc:name="Set Payload"/>
        <json:object-to-json-transformer doc:name="Object to JSON"/>
    </catch-exception-strategy>
</mule>
