<?xml version="1.0" encoding="UTF-8"?>

<mule xmlns:json="http://www.mulesoft.org/schema/mule/json"
	xmlns:mulexml="http://www.mulesoft.org/schema/mule/xml" xmlns:dw="http://www.mulesoft.org/schema/mule/ee/dw"
	xmlns:metadata="http://www.mulesoft.org/schema/mule/metadata"
	xmlns:tracking="http://www.mulesoft.org/schema/mule/ee/tracking"
	xmlns:ws="http://www.mulesoft.org/schema/mule/ws" xmlns="http://www.mulesoft.org/schema/mule/core"
	xmlns:doc="http://www.mulesoft.org/schema/mule/documentation"
	xmlns:spring="http://www.springframework.org/schema/beans" xmlns:xsi="http://www.w3.org/2001/XMLSchema-instance"
	xsi:schemaLocation="http://www.springframework.org/schema/beans http://www.springframework.org/schema/beans/spring-beans-current.xsd
http://www.mulesoft.org/schema/mule/core http://www.mulesoft.org/schema/mule/core/current/mule.xsd
http://www.mulesoft.org/schema/mule/ws http://www.mulesoft.org/schema/mule/ws/current/mule-ws.xsd
http://www.mulesoft.org/schema/mule/ee/tracking http://www.mulesoft.org/schema/mule/ee/tracking/current/mule-tracking-ee.xsd
http://www.mulesoft.org/schema/mule/ee/dw http://www.mulesoft.org/schema/mule/ee/dw/current/dw.xsd
http://www.mulesoft.org/schema/mule/json http://www.mulesoft.org/schema/mule/json/current/mule-json.xsd
http://www.mulesoft.org/schema/mule/xml http://www.mulesoft.org/schema/mule/xml/current/mule-xml.xsd">
	<sub-flow name="sf_get_cityFlow_request">
		<expression-component doc:name="Initialise Variables"><![CDATA[flowVars.qpCountry=message.inboundProperties.'http.query.params'.country;]]></expression-component>
		<dw:transform-message doc:name="Generate Request Message">
			<dw:set-payload><![CDATA[%dw 1.0
%output application/xml
%namespace ns0 http://www.webserviceX.NET
---
{
	ns0#GetCitiesByCountry: {
		ns0#CountryName: flowVars.qpCountry
	}
}]]></dw:set-payload>
		</dw:transform-message>
		<logger
			message="#[flowVars.LogMsg + &quot;\nRequest Message (Transformed): \n&quot; + payload]"
			level="INFO" doc:name="Log Transform Request Message" />
        <until-successful maxRetries="5" doc:name="Until Successful" synchronous="true" >
            <ws:consumer config-ref="WS_Consumer_Cities" operation="GetWeather" doc:name="Invoke Global Weather Call"/>
        </until-successful>
        <logger message="From Webservice:#[payload]" level="INFO" doc:name="Logger"/>
        <logger message=" #[flowVars.LogMsg + &quot;\nResponse Message (RAW): \n&quot;+ message.payloadAs(java.lang.String)]" level="INFO" doc:name="Log Raw Response"/>

  <!--      <until-successful maxRetries="5"  doc:name="Retry 5 times" >
            <ws:consumer config-ref="WS_Consumer_Cities" operation="GetWeather" doc:name="Invoke Global Weather Call"/>

        </until-successful>  -->

		<choice doc:name="Check Data Found">
			<when expression="#[payload==null]">
				<expression-component doc:name="Initialise Variables"><![CDATA[flowVars.statusCode="No Data Found";
flowVars.exceptionMsg="No Cities Found.";]]></expression-component>
				<flow-ref name="sf_commonBusinessException" doc:name="Raise Business Exception" />

			</when>
			<otherwise>
				<flow-ref name="sf_get_cityFlow_response" doc:name="Generate Response Message" />
			</otherwise>
		</choice>

	</sub-flow>
	<sub-flow name="sf_get_cityFlow_response">
        <logger message="Before replace : #[payload]" level="INFO" doc:name="Logger"/>

		<expression-component doc:name="Replace Values"><![CDATA[payload=payload.replaceAll("<!\\[CDATA\\[", "");
payload=payload.replaceAll("\\]\\]>", "");
payload=payload.replaceAll("\\<\\!\\[CDATA\\[", "");
payload=payload.replaceAll("\\]\\]\\>", "");
payload=payload.replaceAll("&lt\\;", "<");
payload=payload.replaceAll("&gt\\;", ">");
payload=payload.replaceAll("&amp\\;lt\\;", "<");
payload=payload.replaceAll("&amp\\;gt\\;", ">");]]></expression-component>
        <dw:transform-message doc:name="Transform Message">
            <dw:set-payload><![CDATA[%dw 1.0
%output application/java
---
trim payload]]></dw:set-payload>
        </dw:transform-message>
        <mulexml:dom-to-xml-transformer mimeType="application/xml" doc:name="DOM to XML"/>

        <logger message="After replace and xml conversion : #[payload]" level="INFO" doc:name="Logger"/>

		<dw:transform-message doc:name="Generate Response"
			metadata:id="6f4a9b66-a2dd-4a5b-a796-67c4756115f0">
			<dw:input-payload doc:sample="sample_data\GetCitiesByCountryResponse_1.xml"
				mimeType="application/xml" />
			<dw:set-payload><![CDATA[%dw 1.0
%output application/json
%namespace ns0 http://www.webserviceX.NET
---
{ 
	cities: payload.GetCitiesByCountryResponse.NewDataSet.*Table.City,
  count: sizeOf (payload.GetCitiesByCountryResponse.NewDataSet.*Table.City)
  
}
]]></dw:set-payload>
		</dw:transform-message>
		<logger level="INFO" doc:name="Log Transformed Response Message"
			message="#[flowVars.LogMsg + &quot;\nResponse Message (Transformed): \n&quot; + payload]" />
	</sub-flow>
</mule>