<?xml version="1.0" encoding="UTF-8"?>
<con:soapui-project id="f786e801-77eb-4afc-93fb-d9d7bed24889" activeEnvironment="Default" name="global-weather" resourceRoot="${projectDir}" soapui-version="5.4.0" abortOnError="false" runType="SEQUENTIAL" xmlns:con="http://eviware.com/soapui/config"><con:settings><con:setting id="com.eviware.soapui.impl.wsdl.actions.iface.tools.soapui.TestRunnerAction@values-local"><![CDATA[<xml-fragment xmlns:con="http://eviware.com/soapui/config">
  <con:entry key="Report Format(s)" value=""/>
  <con:entry key="Host:Port" value=""/>
  <con:entry key="Export JUnit Results" value="false"/>
  <con:entry key="Export All" value="false"/>
  <con:entry key="Save After" value="false"/>
  <con:entry key="Add Settings" value="false"/>
  <con:entry key="WSS Password Type" value=""/>
  <con:entry key="TestSuite" value="&lt;all>"/>
  <con:entry key="Endpoint" value=""/>
  <con:entry key="Select Report Type" value=""/>
  <con:entry key="System Properties" value=""/>
  <con:entry key="Password" value=""/>
  <con:entry key="Print Report" value="false"/>
  <con:entry key="Open Report" value="false"/>
  <con:entry key="Export JUnit Results with test properties" value="false"/>
  <con:entry key="Global Properties" value=""/>
  <con:entry key="Project Properties" value=""/>
  <con:entry key="Project Password" value=""/>
  <con:entry key="TestCase" value="&lt;all>"/>
  <con:entry key="Username" value=""/>
  <con:entry key="user-settings.xml Password" value=""/>
  <con:entry key="TestRunner Path" value=""/>
  <con:entry key="Environment" value="Default"/>
  <con:entry key="Coverage Report" value="false"/>
  <con:entry key="Enable UI" value="false"/>
  <con:entry key="Root Folder" value=""/>
  <con:entry key="Ignore Errors" value="false"/>
  <con:entry key="Domain" value=""/>
  <con:entry key="Tool Args" value=""/>
  <con:entry key="Save Project" value="false"/>
</xml-fragment>]]></con:setting></con:settings><con:interface xsi:type="con:WsdlInterface" id="6aff3bb6-9f68-4ee3-a290-915423610cf6" wsaVersion="NONE" name="GlobalWeatherSoap" type="wsdl" bindingName="{http://www.webserviceX.NET}GlobalWeatherSoap" soapVersion="1_1" anonymous="optional" definition="file:/C:/Users/shanmuga_pandian/AnypointStudio-3.9/workspace/GlobalWeatherService/src/main/wsdl/global-weather.wsdl" xmlns:xsi="http://www.w3.org/2001/XMLSchema-instance"><con:settings/><con:definitionCache type="TEXT" rootPart="file:/C:/Users/shanmuga_pandian/AnypointStudio-3.9/workspace/GlobalWeatherService/src/main/wsdl/global-weather.wsdl"><con:part><con:url>file:/C:/Users/shanmuga_pandian/AnypointStudio-3.9/workspace/GlobalWeatherService/src/main/wsdl/global-weather.wsdl</con:url><con:content><![CDATA[<wsdl:definitions targetNamespace="http://www.webserviceX.NET" xmlns:http="http://schemas.xmlsoap.org/wsdl/http/" xmlns:mime="http://schemas.xmlsoap.org/wsdl/mime/" xmlns:s="http://www.w3.org/2001/XMLSchema" xmlns:soap="http://schemas.xmlsoap.org/wsdl/soap/" xmlns:soap12="http://schemas.xmlsoap.org/wsdl/soap12/" xmlns:soapenc="http://schemas.xmlsoap.org/soap/encoding/" xmlns:tm="http://microsoft.com/wsdl/mime/textMatching/" xmlns:tns="http://www.webserviceX.NET" xmlns:wsdl="http://schemas.xmlsoap.org/wsdl/">
  <wsdl:types>
    <s:schema elementFormDefault="qualified" targetNamespace="http://www.webserviceX.NET">
      <s:element name="GetWeather">
        <s:complexType>
          <s:sequence>
            <s:element maxOccurs="1" minOccurs="0" name="CityName" type="s:string"/>
            <s:element maxOccurs="1" minOccurs="0" name="CountryName" type="s:string"/>
          </s:sequence>
        </s:complexType>
      </s:element>
      <s:element name="GetWeatherResponse">
        <s:complexType>
          <s:sequence>
            <s:element maxOccurs="1" minOccurs="0" name="GetWeatherResult" type="s:string"/>
          </s:sequence>
        </s:complexType>
      </s:element>
      <s:element name="GetCitiesByCountry">
        <s:complexType>
          <s:sequence>
            <s:element maxOccurs="1" minOccurs="0" name="CountryName" type="s:string"/>
          </s:sequence>
        </s:complexType>
      </s:element>
      <s:element name="GetCitiesByCountryResponse">
        <s:complexType>
          <s:sequence>
            <s:element maxOccurs="1" minOccurs="0" name="GetCitiesByCountryResult" type="s:string"/>
          </s:sequence>
        </s:complexType>
      </s:element>
      <s:element name="string" nillable="true" type="s:string"/>
    </s:schema>
  </wsdl:types>
  <wsdl:message name="GetWeatherSoapIn">
    <wsdl:part element="tns:GetWeather" name="parameters"/>
  </wsdl:message>
  <wsdl:message name="GetWeatherSoapOut">
    <wsdl:part element="tns:GetWeatherResponse" name="parameters"/>
  </wsdl:message>
  <wsdl:message name="GetCitiesByCountrySoapIn">
    <wsdl:part element="tns:GetCitiesByCountry" name="parameters"/>
  </wsdl:message>
  <wsdl:message name="GetCitiesByCountrySoapOut">
    <wsdl:part element="tns:GetCitiesByCountryResponse" name="parameters"/>
  </wsdl:message>
  <wsdl:message name="GetWeatherHttpGetIn">
    <wsdl:part name="CityName" type="s:string"/>
    <wsdl:part name="CountryName" type="s:string"/>
  </wsdl:message>
  <wsdl:message name="GetWeatherHttpGetOut">
    <wsdl:part element="tns:string" name="Body"/>
  </wsdl:message>
  <wsdl:message name="GetCitiesByCountryHttpGetIn">
    <wsdl:part name="CountryName" type="s:string"/>
  </wsdl:message>
  <wsdl:message name="GetCitiesByCountryHttpGetOut">
    <wsdl:part element="tns:string" name="Body"/>
  </wsdl:message>
  <wsdl:message name="GetWeatherHttpPostIn">
    <wsdl:part name="CityName" type="s:string"/>
    <wsdl:part name="CountryName" type="s:string"/>
  </wsdl:message>
  <wsdl:message name="GetWeatherHttpPostOut">
    <wsdl:part element="tns:string" name="Body"/>
  </wsdl:message>
  <wsdl:message name="GetCitiesByCountryHttpPostIn">
    <wsdl:part name="CountryName" type="s:string"/>
  </wsdl:message>
  <wsdl:message name="GetCitiesByCountryHttpPostOut">
    <wsdl:part element="tns:string" name="Body"/>
  </wsdl:message>
  <wsdl:portType name="GlobalWeatherSoap">
    <wsdl:operation name="GetWeather">
      <wsdl:documentation>Get weather report for all major cities around the world.</wsdl:documentation>
      <wsdl:input message="tns:GetWeatherSoapIn"/>
      <wsdl:output message="tns:GetWeatherSoapOut"/>
    </wsdl:operation>
    <wsdl:operation name="GetCitiesByCountry">
      <wsdl:documentation>Get all major cities by country name(full / part).</wsdl:documentation>
      <wsdl:input message="tns:GetCitiesByCountrySoapIn"/>
      <wsdl:output message="tns:GetCitiesByCountrySoapOut"/>
    </wsdl:operation>
  </wsdl:portType>
  <wsdl:portType name="GlobalWeatherHttpGet">
    <wsdl:operation name="GetWeather">
      <wsdl:documentation>Get weather report for all major cities around the world.</wsdl:documentation>
      <wsdl:input message="tns:GetWeatherHttpGetIn"/>
      <wsdl:output message="tns:GetWeatherHttpGetOut"/>
    </wsdl:operation>
    <wsdl:operation name="GetCitiesByCountry">
      <wsdl:documentation>Get all major cities by country name(full / part).</wsdl:documentation>
      <wsdl:input message="tns:GetCitiesByCountryHttpGetIn"/>
      <wsdl:output message="tns:GetCitiesByCountryHttpGetOut"/>
    </wsdl:operation>
  </wsdl:portType>
  <wsdl:portType name="GlobalWeatherHttpPost">
    <wsdl:operation name="GetWeather">
      <wsdl:documentation>Get weather report for all major cities around the world.</wsdl:documentation>
      <wsdl:input message="tns:GetWeatherHttpPostIn"/>
      <wsdl:output message="tns:GetWeatherHttpPostOut"/>
    </wsdl:operation>
    <wsdl:operation name="GetCitiesByCountry">
      <wsdl:documentation>Get all major cities by country name(full / part).</wsdl:documentation>
      <wsdl:input message="tns:GetCitiesByCountryHttpPostIn"/>
      <wsdl:output message="tns:GetCitiesByCountryHttpPostOut"/>
    </wsdl:operation>
  </wsdl:portType>
  <wsdl:binding name="GlobalWeatherSoap" type="tns:GlobalWeatherSoap">
    <soap:binding transport="http://schemas.xmlsoap.org/soap/http"/>
    <wsdl:operation name="GetWeather">
      <soap:operation soapAction="http://www.webserviceX.NET/GetWeather" style="document"/>
      <wsdl:input>
        <soap:body use="literal"/>
      </wsdl:input>
      <wsdl:output>
        <soap:body use="literal"/>
      </wsdl:output>
    </wsdl:operation>
    <wsdl:operation name="GetCitiesByCountry">
      <soap:operation soapAction="http://www.webserviceX.NET/GetCitiesByCountry" style="document"/>
      <wsdl:input>
        <soap:body use="literal"/>
      </wsdl:input>
      <wsdl:output>
        <soap:body use="literal"/>
      </wsdl:output>
    </wsdl:operation>
  </wsdl:binding>
  <wsdl:binding name="GlobalWeatherSoap12" type="tns:GlobalWeatherSoap">
    <soap12:binding transport="http://schemas.xmlsoap.org/soap/http"/>
    <wsdl:operation name="GetWeather">
      <soap12:operation soapAction="http://www.webserviceX.NET/GetWeather" style="document"/>
      <wsdl:input>
        <soap12:body use="literal"/>
      </wsdl:input>
      <wsdl:output>
        <soap12:body use="literal"/>
      </wsdl:output>
    </wsdl:operation>
    <wsdl:operation name="GetCitiesByCountry">
      <soap12:operation soapAction="http://www.webserviceX.NET/GetCitiesByCountry" style="document"/>
      <wsdl:input>
        <soap12:body use="literal"/>
      </wsdl:input>
      <wsdl:output>
        <soap12:body use="literal"/>
      </wsdl:output>
    </wsdl:operation>
  </wsdl:binding>
  <wsdl:binding name="GlobalWeatherHttpGet" type="tns:GlobalWeatherHttpGet">
    <http:binding verb="GET"/>
    <wsdl:operation name="GetWeather">
      <http:operation location="/GetWeather"/>
      <wsdl:input>
        <http:urlEncoded/>
      </wsdl:input>
      <wsdl:output>
        <mime:mimeXml part="Body"/>
      </wsdl:output>
    </wsdl:operation>
    <wsdl:operation name="GetCitiesByCountry">
      <http:operation location="/GetCitiesByCountry"/>
      <wsdl:input>
        <http:urlEncoded/>
      </wsdl:input>
      <wsdl:output>
        <mime:mimeXml part="Body"/>
      </wsdl:output>
    </wsdl:operation>
  </wsdl:binding>
  <wsdl:binding name="GlobalWeatherHttpPost" type="tns:GlobalWeatherHttpPost">
    <http:binding verb="POST"/>
    <wsdl:operation name="GetWeather">
      <http:operation location="/GetWeather"/>
      <wsdl:input>
        <mime:content type="application/x-www-form-urlencoded"/>
      </wsdl:input>
      <wsdl:output>
        <mime:mimeXml part="Body"/>
      </wsdl:output>
    </wsdl:operation>
    <wsdl:operation name="GetCitiesByCountry">
      <http:operation location="/GetCitiesByCountry"/>
      <wsdl:input>
        <mime:content type="application/x-www-form-urlencoded"/>
      </wsdl:input>
      <wsdl:output>
        <mime:mimeXml part="Body"/>
      </wsdl:output>
    </wsdl:operation>
  </wsdl:binding>
  <wsdl:service name="GlobalWeather">
    <wsdl:port binding="tns:GlobalWeatherSoap" name="GlobalWeatherSoap">
      <soap:address location=""/>
    </wsdl:port>
    <wsdl:port binding="tns:GlobalWeatherSoap12" name="GlobalWeatherSoap12">
      <soap12:address location=""/>
    </wsdl:port>
    <wsdl:port binding="tns:GlobalWeatherHttpGet" name="GlobalWeatherHttpGet">
      <http:address location=""/>
    </wsdl:port>
    <wsdl:port binding="tns:GlobalWeatherHttpPost" name="GlobalWeatherHttpPost">
      <http:address location=""/>
    </wsdl:port>
  </wsdl:service>
</wsdl:definitions>]]></con:content><con:type>http://schemas.xmlsoap.org/wsdl/</con:type></con:part></con:definitionCache><con:endpoints><con:endpoint>GetCitiesByCountry</con:endpoint></con:endpoints><con:operation id="5d31b1b1-174d-4336-930d-9aaaa011667d" isOneWay="false" action="http://www.webserviceX.NET/GetCitiesByCountry" name="GetCitiesByCountry" bindingOperationName="GetCitiesByCountry" type="Request-Response" inputName="" receivesAttachments="false" sendsAttachments="false" anonymous="optional"><con:settings/><con:call id="0aa9a9b1-b342-47ee-8493-4e2eae8eac77" name="Request 1"><con:settings><con:setting id="com.eviware.soapui.impl.wsdl.WsdlRequest@request-headers">&lt;xml-fragment/></con:setting></con:settings><con:encoding>UTF-8</con:encoding><con:endpoint>http://localhost:8080/</con:endpoint><con:request><![CDATA[<soapenv:Envelope xmlns:soapenv="http://schemas.xmlsoap.org/soap/envelope/" xmlns:web="http://www.webserviceX.NET">\r
   <soapenv:Header/>\r
   <soapenv:Body>\r
      <web:GetCitiesByCountry>\r
         <!--Optional:-->\r
         <web:CountryName>Australia</web:CountryName>\r
      </web:GetCitiesByCountry>\r
   </soapenv:Body>\r
</soapenv:Envelope>]]></con:request><con:credentials><con:authType>No Authorization</con:authType></con:credentials><con:jmsConfig JMSDeliveryMode="PERSISTENT"/><con:jmsPropertyConfig/><con:wsaConfig mustUnderstand="NONE" version="200508" action="http://www.webserviceX.NET/GetCitiesByCountry"/><con:wsrmConfig version="1.2"/></con:call></con:operation><con:operation id="f082e740-50f8-4117-9583-63f6b90e15b8" isOneWay="false" action="http://www.webserviceX.NET/GetWeather" name="GetWeather" bindingOperationName="GetWeather" type="Request-Response" inputName="" receivesAttachments="false" sendsAttachments="false" anonymous="optional"><con:settings/><con:call id="4507bbf4-816f-4ff2-a80c-48aeb391534d" name="Request 1"><con:settings><con:setting id="com.eviware.soapui.impl.wsdl.WsdlRequest@request-headers">&lt;xml-fragment/></con:setting></con:settings><con:encoding>UTF-8</con:encoding><con:endpoint>http://localhost:8080/</con:endpoint><con:request><![CDATA[<soapenv:Envelope xmlns:soapenv="http://schemas.xmlsoap.org/soap/envelope/" xmlns:web="http://www.webserviceX.NET">\r
   <soapenv:Header/>\r
   <soapenv:Body>\r
      <web:GetWeather>\r
         <!--Optional:-->\r
         <web:CityName>Melbourne</web:CityName>\r
         <!--Optional:-->\r
         <web:CountryName>Australia</web:CountryName>\r
      </web:GetWeather>\r
   </soapenv:Body>\r
</soapenv:Envelope>]]></con:request><con:credentials><con:authType>No Authorization</con:authType></con:credentials><con:jmsConfig JMSDeliveryMode="PERSISTENT"/><con:jmsPropertyConfig/><con:wsaConfig mustUnderstand="NONE" version="200508" action="http://www.webserviceX.NET/GetWeather"/><con:wsrmConfig version="1.2"/></con:call></con:operation></con:interface><con:interface xsi:type="con:WsdlInterface" id="1eb04004-83c3-4104-bfbd-669f1fe8d67f" wsaVersion="NONE" name="GlobalWeatherSoap12" type="wsdl" bindingName="{http://www.webserviceX.NET}GlobalWeatherSoap12" soapVersion="1_2" anonymous="optional" definition="file:/C:/Users/shanmuga_pandian/AnypointStudio-3.9/workspace/GlobalWeatherService/src/main/wsdl/global-weather.wsdl" xmlns:xsi="http://www.w3.org/2001/XMLSchema-instance"><con:settings/><con:definitionCache type="TEXT" rootPart="file:\C:\Users\shanmuga_pandian\AnypointStudio-3.9\workspace\GlobalWeatherService\src\main\wsdl\global-weather.wsdl"><con:part><con:url>file:\C:\Users\shanmuga_pandian\AnypointStudio-3.9\workspace\GlobalWeatherService\src\main\wsdl\global-weather.wsdl</con:url><con:content><![CDATA[<wsdl:definitions targetNamespace="http://www.webserviceX.NET" xmlns:http="http://schemas.xmlsoap.org/wsdl/http/" xmlns:mime="http://schemas.xmlsoap.org/wsdl/mime/" xmlns:s="http://www.w3.org/2001/XMLSchema" xmlns:soap="http://schemas.xmlsoap.org/wsdl/soap/" xmlns:soap12="http://schemas.xmlsoap.org/wsdl/soap12/" xmlns:soapenc="http://schemas.xmlsoap.org/soap/encoding/" xmlns:tm="http://microsoft.com/wsdl/mime/textMatching/" xmlns:tns="http://www.webserviceX.NET" xmlns:wsdl="http://schemas.xmlsoap.org/wsdl/">
  <wsdl:types>
    <s:schema elementFormDefault="qualified" targetNamespace="http://www.webserviceX.NET">
      <s:element name="GetWeather">
        <s:complexType>
          <s:sequence>
            <s:element maxOccurs="1" minOccurs="0" name="CityName" type="s:string"/>
            <s:element maxOccurs="1" minOccurs="0" name="CountryName" type="s:string"/>
          </s:sequence>
        </s:complexType>
      </s:element>
      <s:element name="GetWeatherResponse">
        <s:complexType>
          <s:sequence>
            <s:element maxOccurs="1" minOccurs="0" name="GetWeatherResult" type="s:string"/>
          </s:sequence>
        </s:complexType>
      </s:element>
      <s:element name="GetCitiesByCountry">
        <s:complexType>
          <s:sequence>
            <s:element maxOccurs="1" minOccurs="0" name="CountryName" type="s:string"/>
          </s:sequence>
        </s:complexType>
      </s:element>
      <s:element name="GetCitiesByCountryResponse">
        <s:complexType>
          <s:sequence>
            <s:element maxOccurs="1" minOccurs="0" name="GetCitiesByCountryResult" type="s:string"/>
          </s:sequence>
        </s:complexType>
      </s:element>
      <s:element name="string" nillable="true" type="s:string"/>
    </s:schema>
  </wsdl:types>
  <wsdl:message name="GetWeatherSoapIn">
    <wsdl:part element="tns:GetWeather" name="parameters"/>
  </wsdl:message>
  <wsdl:message name="GetWeatherSoapOut">
    <wsdl:part element="tns:GetWeatherResponse" name="parameters"/>
  </wsdl:message>
  <wsdl:message name="GetCitiesByCountrySoapIn">
    <wsdl:part element="tns:GetCitiesByCountry" name="parameters"/>
  </wsdl:message>
  <wsdl:message name="GetCitiesByCountrySoapOut">
    <wsdl:part element="tns:GetCitiesByCountryResponse" name="parameters"/>
  </wsdl:message>
  <wsdl:message name="GetWeatherHttpGetIn">
    <wsdl:part name="CityName" type="s:string"/>
    <wsdl:part name="CountryName" type="s:string"/>
  </wsdl:message>
  <wsdl:message name="GetWeatherHttpGetOut">
    <wsdl:part element="tns:string" name="Body"/>
  </wsdl:message>
  <wsdl:message name="GetCitiesByCountryHttpGetIn">
    <wsdl:part name="CountryName" type="s:string"/>
  </wsdl:message>
  <wsdl:message name="GetCitiesByCountryHttpGetOut">
    <wsdl:part element="tns:string" name="Body"/>
  </wsdl:message>
  <wsdl:message name="GetWeatherHttpPostIn">
    <wsdl:part name="CityName" type="s:string"/>
    <wsdl:part name="CountryName" type="s:string"/>
  </wsdl:message>
  <wsdl:message name="GetWeatherHttpPostOut">
    <wsdl:part element="tns:string" name="Body"/>
  </wsdl:message>
  <wsdl:message name="GetCitiesByCountryHttpPostIn">
    <wsdl:part name="CountryName" type="s:string"/>
  </wsdl:message>
  <wsdl:message name="GetCitiesByCountryHttpPostOut">
    <wsdl:part element="tns:string" name="Body"/>
  </wsdl:message>
  <wsdl:portType name="GlobalWeatherSoap">
    <wsdl:operation name="GetWeather">
      <wsdl:documentation>Get weather report for all major cities around the world.</wsdl:documentation>
      <wsdl:input message="tns:GetWeatherSoapIn"/>
      <wsdl:output message="tns:GetWeatherSoapOut"/>
    </wsdl:operation>
    <wsdl:operation name="GetCitiesByCountry">
      <wsdl:documentation>Get all major cities by country name(full / part).</wsdl:documentation>
      <wsdl:input message="tns:GetCitiesByCountrySoapIn"/>
      <wsdl:output message="tns:GetCitiesByCountrySoapOut"/>
    </wsdl:operation>
  </wsdl:portType>
  <wsdl:portType name="GlobalWeatherHttpGet">
    <wsdl:operation name="GetWeather">
      <wsdl:documentation>Get weather report for all major cities around the world.</wsdl:documentation>
      <wsdl:input message="tns:GetWeatherHttpGetIn"/>
      <wsdl:output message="tns:GetWeatherHttpGetOut"/>
    </wsdl:operation>
    <wsdl:operation name="GetCitiesByCountry">
      <wsdl:documentation>Get all major cities by country name(full / part).</wsdl:documentation>
      <wsdl:input message="tns:GetCitiesByCountryHttpGetIn"/>
      <wsdl:output message="tns:GetCitiesByCountryHttpGetOut"/>
    </wsdl:operation>
  </wsdl:portType>
  <wsdl:portType name="GlobalWeatherHttpPost">
    <wsdl:operation name="GetWeather">
      <wsdl:documentation>Get weather report for all major cities around the world.</wsdl:documentation>
      <wsdl:input message="tns:GetWeatherHttpPostIn"/>
      <wsdl:output message="tns:GetWeatherHttpPostOut"/>
    </wsdl:operation>
    <wsdl:operation name="GetCitiesByCountry">
      <wsdl:documentation>Get all major cities by country name(full / part).</wsdl:documentation>
      <wsdl:input message="tns:GetCitiesByCountryHttpPostIn"/>
      <wsdl:output message="tns:GetCitiesByCountryHttpPostOut"/>
    </wsdl:operation>
  </wsdl:portType>
  <wsdl:binding name="GlobalWeatherSoap" type="tns:GlobalWeatherSoap">
    <soap:binding transport="http://schemas.xmlsoap.org/soap/http"/>
    <wsdl:operation name="GetWeather">
      <soap:operation soapAction="http://www.webserviceX.NET/GetWeather" style="document"/>
      <wsdl:input>
        <soap:body use="literal"/>
      </wsdl:input>
      <wsdl:output>
        <soap:body use="literal"/>
      </wsdl:output>
    </wsdl:operation>
    <wsdl:operation name="GetCitiesByCountry">
      <soap:operation soapAction="http://www.webserviceX.NET/GetCitiesByCountry" style="document"/>
      <wsdl:input>
        <soap:body use="literal"/>
      </wsdl:input>
      <wsdl:output>
        <soap:body use="literal"/>
      </wsdl:output>
    </wsdl:operation>
  </wsdl:binding>
  <wsdl:binding name="GlobalWeatherSoap12" type="tns:GlobalWeatherSoap">
    <soap12:binding transport="http://schemas.xmlsoap.org/soap/http"/>
    <wsdl:operation name="GetWeather">
      <soap12:operation soapAction="http://www.webserviceX.NET/GetWeather" style="document"/>
      <wsdl:input>
        <soap12:body use="literal"/>
      </wsdl:input>
      <wsdl:output>
        <soap12:body use="literal"/>
      </wsdl:output>
    </wsdl:operation>
    <wsdl:operation name="GetCitiesByCountry">
      <soap12:operation soapAction="http://www.webserviceX.NET/GetCitiesByCountry" style="document"/>
      <wsdl:input>
        <soap12:body use="literal"/>
      </wsdl:input>
      <wsdl:output>
        <soap12:body use="literal"/>
      </wsdl:output>
    </wsdl:operation>
  </wsdl:binding>
  <wsdl:binding name="GlobalWeatherHttpGet" type="tns:GlobalWeatherHttpGet">
    <http:binding verb="GET"/>
    <wsdl:operation name="GetWeather">
      <http:operation location="/GetWeather"/>
      <wsdl:input>
        <http:urlEncoded/>
      </wsdl:input>
      <wsdl:output>
        <mime:mimeXml part="Body"/>
      </wsdl:output>
    </wsdl:operation>
    <wsdl:operation name="GetCitiesByCountry">
      <http:operation location="/GetCitiesByCountry"/>
      <wsdl:input>
        <http:urlEncoded/>
      </wsdl:input>
      <wsdl:output>
        <mime:mimeXml part="Body"/>
      </wsdl:output>
    </wsdl:operation>
  </wsdl:binding>
  <wsdl:binding name="GlobalWeatherHttpPost" type="tns:GlobalWeatherHttpPost">
    <http:binding verb="POST"/>
    <wsdl:operation name="GetWeather">
      <http:operation location="/GetWeather"/>
      <wsdl:input>
        <mime:content type="application/x-www-form-urlencoded"/>
      </wsdl:input>
      <wsdl:output>
        <mime:mimeXml part="Body"/>
      </wsdl:output>
    </wsdl:operation>
    <wsdl:operation name="GetCitiesByCountry">
      <http:operation location="/GetCitiesByCountry"/>
      <wsdl:input>
        <mime:content type="application/x-www-form-urlencoded"/>
      </wsdl:input>
      <wsdl:output>
        <mime:mimeXml part="Body"/>
      </wsdl:output>
    </wsdl:operation>
  </wsdl:binding>
  <wsdl:service name="GlobalWeather">
    <wsdl:port binding="tns:GlobalWeatherSoap" name="GlobalWeatherSoap">
      <soap:address location=""/>
    </wsdl:port>
    <wsdl:port binding="tns:GlobalWeatherSoap12" name="GlobalWeatherSoap12">
      <soap12:address location=""/>
    </wsdl:port>
    <wsdl:port binding="tns:GlobalWeatherHttpGet" name="GlobalWeatherHttpGet">
      <http:address location=""/>
    </wsdl:port>
    <wsdl:port binding="tns:GlobalWeatherHttpPost" name="GlobalWeatherHttpPost">
      <http:address location=""/>
    </wsdl:port>
  </wsdl:service>
</wsdl:definitions>]]></con:content><con:type>http://schemas.xmlsoap.org/wsdl/</con:type></con:part></con:definitionCache><con:endpoints/><con:operation id="035f67ec-9eec-4360-a68c-fd9893a441a1" isOneWay="false" action="http://www.webserviceX.NET/GetCitiesByCountry" name="GetCitiesByCountry" bindingOperationName="GetCitiesByCountry" type="Request-Response" inputName="" receivesAttachments="false" sendsAttachments="false" anonymous="optional"><con:settings/><con:call id="740342b1-03c2-4a7f-a116-aaa240574a02" name="Request 1"><con:settings/><con:encoding>UTF-8</con:encoding><con:request><![CDATA[<soap:Envelope xmlns:soap="http://www.w3.org/2003/05/soap-envelope" xmlns:web="http://www.webserviceX.NET">\r
   <soap:Header/>\r
   <soap:Body>\r
      <web:GetCitiesByCountry>\r
         <!--Optional:-->\r
         <web:CountryName>?</web:CountryName>\r
      </web:GetCitiesByCountry>\r
   </soap:Body>\r
</soap:Envelope>]]></con:request><con:wsaConfig mustUnderstand="NONE" version="200508" action="http://www.webserviceX.NET/GlobalWeatherSoap/GetCitiesByCountryRequest"/></con:call></con:operation><con:operation id="bc129ef4-b635-4009-9a72-da44b9a4c514" isOneWay="false" action="http://www.webserviceX.NET/GetWeather" name="GetWeather" bindingOperationName="GetWeather" type="Request-Response" inputName="" receivesAttachments="false" sendsAttachments="false" anonymous="optional"><con:settings/><con:call id="4a4d1b7c-5b3c-4a9d-8f5b-1a266bc9f1a6" name="Request 1"><con:settings/><con:encoding>UTF-8</con:encoding><con:request><![CDATA[<soap:Envelope xmlns:soap="http://www.w3.org/2003/05/soap-envelope" xmlns:web="http://www.webserviceX.NET">\r
   <soap:Header/>\r
   <soap:Body>\r
      <web:GetWeather>\r
         <!--Optional:-->\r
         <web:CityName>?</web:CityName>\r
         <!--Optional:-->\r
         <web:CountryName>?</web:CountryName>\r
      </web:GetWeather>\r
   </soap:Body>\r
</soap:Envelope>]]></con:request><con:wsaConfig mustUnderstand="NONE" version="200508" action="http://www.webserviceX.NET/GlobalWeatherSoap/GetWeatherRequest"/></con:call></con:operation></con:interface><con:mockService id="d4a0d637-6178-4810-8b04-d55dd33b6044" port="8080" path="/" host="AUSMEL94358L" name="MockService 1"><con:settings><con:setting id="com.eviware.soapui.impl.wsdl.mock.WsdlMockService@require-soap-action">false</con:setting></con:settings><con:properties/><con:mockOperation name="GetCitiesByCountry" id="b147a755-7405-4b05-af8e-6fb959aec7e1" interface="GlobalWeatherSoap" operation="GetCitiesByCountry"><con:settings/><con:defaultResponse>Response1</con:defaultResponse><con:dispatchStyle>SEQUENCE</con:dispatchStyle><con:response name="Response1" id="b3c85014-897d-42ba-8fe5-ac1e0c2b2447" httpResponseStatus="200" encoding="UTF-8"><con:settings/><con:responseContent><![CDATA[<soapenv:Envelope xmlns:soapenv="http://schemas.xmlsoap.org/soap/envelope/" xmlns:web="http://www.webserviceX.NET">
   <soapenv:Header/>
   <soapenv:Body>
      <web:GetCitiesByCountryResponse>
      <![CDATA[&lt;NewDataSet&gt;
  &lt;Table&gt;
    &lt;Country&gt;Australia&lt;/Country&gt;
    &lt;City&gt;Archerfield Aerodrome&lt;/City&gt;
  &lt;/Table&gt;
  &lt;Table&gt;
    &lt;Country&gt;Australia&lt;/Country&gt;
    &lt;City&gt;Amberley Aerodrome&lt;/City&gt;
  &lt;/Table&gt;
  &lt;Table&gt;
    &lt;Country&gt;Australia&lt;/Country&gt;
    &lt;City&gt;Alice Springs Aerodrome&lt;/City&gt;
  &lt;/Table&gt;
  &lt;Table&gt;
    &lt;Country&gt;Australia&lt;/Country&gt;
    &lt;City&gt;Brisbane Airport M. O&lt;/City&gt;
  &lt;/Table&gt;
  &lt;Table&gt;
    &lt;Country&gt;Australia&lt;/Country&gt;
    &lt;City&gt;Coolangatta Airport Aws&lt;/City&gt;
  &lt;/Table&gt;
  &lt;Table&gt;
    &lt;Country&gt;Australia&lt;/Country&gt;
    &lt;City&gt;Cairns Airport&lt;/City&gt;
  &lt;/Table&gt;
  &lt;Table&gt;
    &lt;Country&gt;Australia&lt;/Country&gt;
    &lt;City&gt;Charleville Airport&lt;/City&gt;
  &lt;/Table&gt;
  &lt;Table&gt;
    &lt;Country&gt;Australia&lt;/Country&gt;
    &lt;City&gt;Gladstone&lt;/City&gt;
  &lt;/Table&gt;
  &lt;Table&gt;
    &lt;Country&gt;Australia&lt;/Country&gt;
    &lt;City&gt;Longreach Airport&lt;/City&gt;
  &lt;/Table&gt;
  &lt;Table&gt;
    &lt;Country&gt;Australia&lt;/Country&gt;
    &lt;City&gt;Mount Isa Amo&lt;/City&gt;
  &lt;/Table&gt;
  &lt;Table&gt;
    &lt;Country&gt;Australia&lt;/Country&gt;
    &lt;City&gt;Mackay Mo&lt;/City&gt;
  &lt;/Table&gt;
  &lt;Table&gt;
    &lt;Country&gt;Australia&lt;/Country&gt;
    &lt;City&gt;Oakey Aerodrome&lt;/City&gt;
  &lt;/Table&gt;
  &lt;Table&gt;
    &lt;Country&gt;Australia&lt;/Country&gt;
    &lt;City&gt;Proserpine Airport&lt;/City&gt;
  &lt;/Table&gt;
  &lt;Table&gt;
    &lt;Country&gt;Australia&lt;/Country&gt;
    &lt;City&gt;Rockhampton Airport&lt;/City&gt;
  &lt;/Table&gt;
  &lt;Table&gt;
    &lt;Country&gt;Australia&lt;/Country&gt;
    &lt;City&gt;Broome Airport&lt;/City&gt;
  &lt;/Table&gt;
  &lt;Table&gt;
    &lt;Country&gt;Australia&lt;/Country&gt;
    &lt;City&gt;Townsville Amo&lt;/City&gt;
  &lt;/Table&gt;
  &lt;Table&gt;
    &lt;Country&gt;Australia&lt;/Country&gt;
    &lt;City&gt;Weipa City&lt;/City&gt;
  &lt;/Table&gt;
  &lt;Table&gt;
    &lt;Country&gt;Australia&lt;/Country&gt;
    &lt;City&gt;Gove Airport&lt;/City&gt;
  &lt;/Table&gt;
  &lt;Table&gt;
    &lt;Country&gt;Australia&lt;/Country&gt;
    &lt;City&gt;Tennant Creek Airport&lt;/City&gt;
  &lt;/Table&gt;
  &lt;Table&gt;
    &lt;Country&gt;Australia&lt;/Country&gt;
    &lt;City&gt;Yulara Aws&lt;/City&gt;
  &lt;/Table&gt;
  &lt;Table&gt;
    &lt;Country&gt;Australia&lt;/Country&gt;
    &lt;City&gt;Albury Airport&lt;/City&gt;
  &lt;/Table&gt;
  &lt;Table&gt;
    &lt;Country&gt;Australia&lt;/Country&gt;
    &lt;City&gt;Devonport East&lt;/City&gt;
  &lt;/Table&gt;
  &lt;Table&gt;
    &lt;Country&gt;Australia&lt;/Country&gt;
    &lt;City&gt;Goldstream Aws&lt;/City&gt;
  &lt;/Table&gt;
  &lt;Table&gt;
    &lt;Country&gt;Australia&lt;/Country&gt;
    &lt;City&gt;East Sale Aerodrome&lt;/City&gt;
  &lt;/Table&gt;
  &lt;Table&gt;
    &lt;Country&gt;Australia&lt;/Country&gt;
    &lt;City&gt;Hobart Airport&lt;/City&gt;
  &lt;/Table&gt;
  &lt;Table&gt;
    &lt;Country&gt;Australia&lt;/Country&gt;
    &lt;City&gt;Launceston Airport&lt;/City&gt;
  &lt;/Table&gt;
  &lt;Table&gt;
    &lt;Country&gt;Australia&lt;/Country&gt;
    &lt;City&gt;Laverton Aerodrome&lt;/City&gt;
  &lt;/Table&gt;
  &lt;Table&gt;
    &lt;Country&gt;Australia&lt;/Country&gt;
    &lt;City&gt;Moorabbin Airport Aws&lt;/City&gt;
  &lt;/Table&gt;
  &lt;Table&gt;
    &lt;Country&gt;Australia&lt;/Country&gt;
    &lt;City&gt;Mount Gambier Aerodrome&lt;/City&gt;
  &lt;/Table&gt;
  &lt;Table&gt;
    &lt;Country&gt;Australia&lt;/Country&gt;
    &lt;City&gt;Mildura Airport&lt;/City&gt;
  &lt;/Table&gt;
  &lt;Table&gt;
    &lt;Country&gt;Australia&lt;/Country&gt;
    &lt;City&gt;Melbourne Airport&lt;/City&gt;
  &lt;/Table&gt;
  &lt;Table&gt;
    &lt;Country&gt;Australia&lt;/Country&gt;
    &lt;City&gt;Macquarie Island&lt;/City&gt;
  &lt;/Table&gt;
  &lt;Table&gt;
    &lt;Country&gt;Australia&lt;/Country&gt;
    &lt;City&gt;Wynyard West&lt;/City&gt;
  &lt;/Table&gt;
  &lt;Table&gt;
    &lt;Country&gt;Australia&lt;/Country&gt;
    &lt;City&gt;Adelaide Airport&lt;/City&gt;
  &lt;/Table&gt;
  &lt;Table&gt;
    &lt;Country&gt;Australia&lt;/Country&gt;
    &lt;City&gt;Albany Airport&lt;/City&gt;
  &lt;/Table&gt;
  &lt;Table&gt;
    &lt;Country&gt;Australia&lt;/Country&gt;
    &lt;City&gt;Broken Hill Patton Street&lt;/City&gt;
  &lt;/Table&gt;
  &lt;Table&gt;
    &lt;Country&gt;Australia&lt;/Country&gt;
    &lt;City&gt;Ceduna Airport&lt;/City&gt;
  &lt;/Table&gt;
  &lt;Table&gt;
    &lt;Country&gt;Australia&lt;/Country&gt;
    &lt;City&gt;Derby&lt;/City&gt;
  &lt;/Table&gt;
  &lt;Table&gt;
    &lt;Country&gt;Australia&lt;/Country&gt;
    &lt;City&gt;Darwin Airport&lt;/City&gt;
  &lt;/Table&gt;
  &lt;Table&gt;
    &lt;Country&gt;Australia&lt;/Country&gt;
    &lt;City&gt;Bullsbrook Pearce Amo&lt;/City&gt;
  &lt;/Table&gt;
  &lt;Table&gt;
    &lt;Country&gt;Australia&lt;/Country&gt;
    &lt;City&gt;Edinburgh M. O.&lt;/City&gt;
  &lt;/Table&gt;
  &lt;Table&gt;
    &lt;Country&gt;Australia&lt;/Country&gt;
    &lt;City&gt;Forrest Airport&lt;/City&gt;
  &lt;/Table&gt;
  &lt;Table&gt;
    &lt;Country&gt;Australia&lt;/Country&gt;
    &lt;City&gt;Geraldton Airport&lt;/City&gt;
  &lt;/Table&gt;
  &lt;Table&gt;
    &lt;Country&gt;Australia&lt;/Country&gt;
    &lt;City&gt;Kalgoorlie Boulder Amo&lt;/City&gt;
  &lt;/Table&gt;
  &lt;Table&gt;
    &lt;Country&gt;Australia&lt;/Country&gt;
    &lt;City&gt;Kununurra Kununurra Aws&lt;/City&gt;
  &lt;/Table&gt;
  &lt;Table&gt;
    &lt;Country&gt;Australia&lt;/Country&gt;
    &lt;City&gt;Leigh Creek Airport&lt;/City&gt;
  &lt;/Table&gt;
  &lt;Table&gt;
    &lt;Country&gt;Australia&lt;/Country&gt;
    &lt;City&gt;Learmonth Airport&lt;/City&gt;
  &lt;/Table&gt;
  &lt;Table&gt;
    &lt;Country&gt;Australia&lt;/Country&gt;
    &lt;City&gt;Meekatharra Airport&lt;/City&gt;
  &lt;/Table&gt;
  &lt;Table&gt;
    &lt;Country&gt;Australia&lt;/Country&gt;
    &lt;City&gt;Port Hedland Pardoo&lt;/City&gt;
  &lt;/Table&gt;
  &lt;Table&gt;
    &lt;Country&gt;Australia&lt;/Country&gt;
    &lt;City&gt;Parafield Airport&lt;/City&gt;
  &lt;/Table&gt;
  &lt;Table&gt;
    &lt;Country&gt;Australia&lt;/Country&gt;
    &lt;City&gt;Belmont Perth Airport&lt;/City&gt;
  &lt;/Table&gt;
  &lt;Table&gt;
    &lt;Country&gt;Australia&lt;/Country&gt;
    &lt;City&gt;Katherine Aerodrome&lt;/City&gt;
  &lt;/Table&gt;
  &lt;Table&gt;
    &lt;Country&gt;Australia&lt;/Country&gt;
    &lt;City&gt;Woomera Aerodrome&lt;/City&gt;
  &lt;/Table&gt;
  &lt;Table&gt;
    &lt;Country&gt;Australia&lt;/Country&gt;
    &lt;City&gt;Bankstown Airport Aws&lt;/City&gt;
  &lt;/Table&gt;
  &lt;Table&gt;
    &lt;Country&gt;Australia&lt;/Country&gt;
    &lt;City&gt;Canberra&lt;/City&gt;
  &lt;/Table&gt;
  &lt;Table&gt;
    &lt;Country&gt;Australia&lt;/Country&gt;
    &lt;City&gt;Coffs Harbour Mo&lt;/City&gt;
  &lt;/Table&gt;
  &lt;Table&gt;
    &lt;Country&gt;Australia&lt;/Country&gt;
    &lt;City&gt;Cooma&lt;/City&gt;
  &lt;/Table&gt;
  &lt;Table&gt;
    &lt;Country&gt;Australia&lt;/Country&gt;
    &lt;City&gt;Camden Airport&lt;/City&gt;
  &lt;/Table&gt;
  &lt;Table&gt;
    &lt;Country&gt;Australia&lt;/Country&gt;
    &lt;City&gt;Dubbo&lt;/City&gt;
  &lt;/Table&gt;
  &lt;Table&gt;
    &lt;Country&gt;Australia&lt;/Country&gt;
    &lt;City&gt;Norfolk Island Airport&lt;/City&gt;
  &lt;/Table&gt;
  &lt;Table&gt;
    &lt;Country&gt;Australia&lt;/Country&gt;
    &lt;City&gt;Nowra Ran Air Station&lt;/City&gt;
  &lt;/Table&gt;
  &lt;Table&gt;
    &lt;Country&gt;Australia&lt;/Country&gt;
    &lt;City&gt;Richmond Aus-Afb&lt;/City&gt;
  &lt;/Table&gt;
  &lt;Table&gt;
    &lt;Country&gt;Australia&lt;/Country&gt;
    &lt;City&gt;Sydney Airport&lt;/City&gt;
  &lt;/Table&gt;
  &lt;Table&gt;
    &lt;Country&gt;Australia&lt;/Country&gt;
    &lt;City&gt;Tamworth Airport&lt;/City&gt;
  &lt;/Table&gt;
  &lt;Table&gt;
    &lt;Country&gt;Australia&lt;/Country&gt;
    &lt;City&gt;Wagga Airport&lt;/City&gt;
  &lt;/Table&gt;
  &lt;Table&gt;
    &lt;Country&gt;Australia&lt;/Country&gt;
    &lt;City&gt;Williamtown Aerodrome&lt;/City&gt;
  &lt;/Table&gt;
&lt;/NewDataSet&gt;]]]]>><![CDATA[
         <web:GetCitiesByCountryResult>?</web:GetCitiesByCountryResult>
      </web:GetCitiesByCountryResponse>
   </soapenv:Body>
</soapenv:Envelope>]]></con:responseContent><con:wsaConfig mustUnderstand="NONE" version="200508" action="http://www.webserviceX.NET/GetCitiesByCountry"/></con:response><con:dispatchConfig/></con:mockOperation></con:mockService><con:mockService id="a7d92733-764a-48a2-9e30-80adb400daca" port="8080" path="/" host="AUSMEL94358L" name="MockService 2-GetWeather"><con:settings><con:setting id="com.eviware.soapui.impl.wsdl.mock.WsdlMockService@require-soap-action">false</con:setting></con:settings><con:properties/><con:mockOperation name="GetWeather" id="3429f9af-2bc6-4fa7-b6af-cc4874102ae9" interface="GlobalWeatherSoap" operation="GetWeather"><con:settings/><con:defaultResponse>Response 1</con:defaultResponse><con:dispatchStyle>SEQUENCE</con:dispatchStyle><con:response name="Response 2" id="c0c9b448-7d75-4f5e-a824-5b16d62b587c" httpResponseStatus="200" encoding="UTF-8"><con:settings/><con:responseContent><![CDATA[<soapenv:Envelope xmlns:soapenv="http://schemas.xmlsoap.org/soap/envelope/" xmlns:web="http://www.webserviceX.NET">
   <soapenv:Header/>
   <soapenv:Body>
      <web:GetWeatherResponse>
        <![CDATA[&lt;NewDataSet&gt;
    &lt;Location&gt;Melbourne&lt;/Location&gt;
    &lt;Time&gt;11 AM&lt;/Time&gt;
    &lt;Wind&gt;15 km per hour&lt;/Wind&gt;
    &lt;Visibility&gt;10 km&lt;/Visibility&gt;
    &lt;SkyConditions&gt;sunny&lt;/SkyConditions&gt;
    &lt;Temperature&gt;18&lt;/Temperature&gt;
    &lt;DewPoint&gt;2 C&lt;/DewPoint&gt;
    &lt;RelativeHumidity&gt;35&lt;/RelativeHumidity&gt;
    &lt;Status&gt;Normal&lt;/Status&gt;
&lt;/NewDataSet&gt;]]]]>><![CDATA[
         <web:GetWeatherResult>?</web:GetWeatherResult>
      </web:GetWeatherResponse>
   </soapenv:Body>
</soapenv:Envelope>]]></con:responseContent><con:wsaConfig mustUnderstand="NONE" version="200508" action="http://www.webserviceX.NET/GetWeather"/></con:response><con:dispatchConfig/></con:mockOperation></con:mockService><con:properties/><con:wssContainer/><con:oAuth2ProfileContainer/><con:oAuth1ProfileContainer/></con:soapui-project>