<?xml version="1.0" encoding="UTF-8"?>
<mule xmlns="http://www.mulesoft.org/schema/mule/core" xmlns:apikit="http://www.mulesoft.org/schema/mule/apikit" xmlns:doc="http://www.mulesoft.org/schema/mule/documentation" xmlns:http="http://www.mulesoft.org/schema/mule/http" xmlns:spring="http://www.springframework.org/schema/beans" xmlns:tracking="http://www.mulesoft.org/schema/mule/ee/tracking" xmlns:xsi="http://www.w3.org/2001/XMLSchema-instance" xsi:schemaLocation="http://www.mulesoft.org/schema/mule/core http://www.mulesoft.org/schema/mule/core/current/mule.xsd
http://www.mulesoft.org/schema/mule/http http://www.mulesoft.org/schema/mule/http/current/mule-http.xsd
http://www.mulesoft.org/schema/mule/apikit http://www.mulesoft.org/schema/mule/apikit/current/mule-apikit.xsd
http://www.springframework.org/schema/beans http://www.springframework.org/schema/beans/spring-beans-3.1.xsd
http://www.mulesoft.org/schema/mule/ee/tracking http://www.mulesoft.org/schema/mule/ee/tracking/current/mule-tracking-ee.xsd">
    <apikit:config name="weather-api-config" raml="weather-api.raml" consoleEnabled="false" doc:name="Router" />
    <flow name="weather-api-main">
        <http:listener config-ref="weather-api-httpListenerConfig" path="/*" doc:name="HTTP" allowedMethods="GET" />
        <apikit:router config-ref="weather-api-config" doc:name="APIkit Router" />
        <exception-strategy ref="weather-api-apiKitGlobalExceptionMapping" doc:name="Reference Exception Strategy" />
    </flow>
    <flow name="weather-api-console">
        <http:listener config-ref="weather-api-httpListenerConfig" path="/console/*" doc:name="HTTP" />
        <apikit:console config-ref="weather-api-config" doc:name="APIkit Console" />
    </flow>
    <flow name="get:/weather:weather-api-config">
        <flow-ref name="sf_commonFlowLogRequest" doc:name="sf_commonFlowLogRequest" />
        <flow-ref name="sf_get_weather_request" doc:name="sf_get_weather_request" />
        <exception-strategy ref="global-exception-handler" doc:name="Reference Exception Strategy"/>
    </flow>
    <flow name="get:/city:weather-api-config">
        <flow-ref name="sf_commonFlowLogRequest" doc:name="sf_commonFlowLogRequest" />
        <flow-ref name="sf_get_cityFlow_request" doc:name="sf_get_cityFlow_request" />
        <exception-strategy ref="global-exception-handler" doc:name="Reference Exception Strategy"/>
    </flow>
    <apikit:mapping-exception-strategy name="weather-api-apiKitGlobalExceptionMapping">
        <apikit:mapping statusCode="400">
            <apikit:exception value="org.mule.module.apikit.exception.BadRequestException" />
            <set-property propertyName="Content-Type" value="application/json" doc:name="Property" />
            <expression-component doc:name="Initialise Variables"><![CDATA[flowVars.status="400";
flowVars.statusCode="Bad request";
flowVars.exceptionMsg="Unable to process the request.";]]></expression-component>
            <flow-ref name="sf_commonErrorHandling" doc:name="sf_commonErrorHandling" />
        </apikit:mapping>
        <apikit:mapping statusCode="404">
            <apikit:exception value="org.mule.module.apikit.exception.NotFoundException" />
            <set-property propertyName="Content-Type" value="application/json" doc:name="Property" />
            <expression-component doc:name="Initialise Variables"><![CDATA[flowVars.status="404";
flowVars.statusCode="Resource Not Found";
flowVars.exceptionMsg="The requested resource '" + message.inboundProperties.'http.request.path' + "' was not found using the API method '" + message.inboundProperties.'http.method';]]></expression-component>
            <flow-ref name="sf_commonErrorHandling" doc:name="sf_commonErrorHandling" />
        </apikit:mapping>
        <apikit:mapping statusCode="405">
            <apikit:exception value="org.mule.module.apikit.exception.MethodNotAllowedException" />
            <set-property propertyName="Content-Type" value="application/json" doc:name="Property" />
            <expression-component doc:name="Initialise Variables"><![CDATA[flowVars.status="405";
flowVars.statusCode="Method not allowed";
flowVars.exceptionMsg="The request method '" + message.inboundProperties.'http.method' + "' is not supported for the requested resource.";]]></expression-component>
            <flow-ref name="sf_commonErrorHandling" doc:name="sf_commonErrorHandling" />
        </apikit:mapping>
        <apikit:mapping statusCode="406">
            <apikit:exception value="org.mule.module.apikit.exception.NotAcceptableException" />
            <set-property propertyName="Content-Type" value="application/json" doc:name="Property" />
            <expression-component doc:name="Initialise Variables"><![CDATA[flowVars.status="406";
flowVars.statusCode="Not acceptable";
flowVars.exceptionMsg="The requested format in the Accept headers is not acceptable.";]]></expression-component>
            <flow-ref name="sf_commonErrorHandling" doc:name="sf_commonErrorHandling" />
        </apikit:mapping>
        <apikit:mapping statusCode="415">
            <apikit:exception value="org.mule.module.apikit.exception.UnsupportedMediaTypeException" />
            <set-property propertyName="Content-Type" value="application/json" doc:name="Property" />
            <expression-component doc:name="Initialise Variables"><![CDATA[flowVars.status="415";
flowVars.statusCode="Unsupported media type";
flowVars.exceptionMsg="The request has a media type that is not supported.";]]></expression-component>
            <flow-ref name="sf_commonErrorHandling" doc:name="sf_commonErrorHandling" />
        </apikit:mapping>
        <apikit:mapping statusCode="500">
            <apikit:exception value="java.lang.Exception" />
            <set-property propertyName="Content-Type" value="application/json" doc:name="Property" />
            <expression-component doc:name="Initialise Variables"><![CDATA[flowVars.status="500";
flowVars.statusCode="Internal Server Error";
flowVars.exceptionMsg="Try again later.";]]></expression-component>
            <flow-ref name="sf_commonErrorHandling" doc:name="sf_commonErrorHandling" />
        </apikit:mapping>
    </apikit:mapping-exception-strategy>

</mule>
