<metadata__catalog__entry>
  <version>5.2.0.0</version>
  <types class="tree-map">
    <entry>
      <org.mule.common.metadata.DefaultMetaDataKey>
        <id>GetWeather</id>
        <displayName>GetWeather</displayName>
        <category>DEFAULT</category>
        <metaDataKeyPropertiesManager>
          <properties>
            <org.mule.common.metadata.key.property.dsql.DsqlFromMetaDataKeyProperty/>
          </properties>
        </metaDataKeyPropertiesManager>
      </org.mule.common.metadata.DefaultMetaDataKey>
      <org.mule.common.metadata.DefaultXmlMetaDataModel>
        <dataType>XML</dataType>
        <metaDataModelPropertiesManager>
          <properties>
            <org.mule.common.metadata.property.TextBasedExampleMetaDataModelProperty/>
            <org.mule.common.metadata.property.xml.SchemaTypeMetaDataProperty/>
            <org.mule.common.metadata.property.StructureIdentifierMetaDataModelProperty>
              <metaDataKey class="org.mule.common.metadata.DefaultMetaDataKey" reference="../../../../../org.mule.common.metadata.DefaultMetaDataKey"/>
              <derivedStructure>false</derivedStructure>
              <generatedStructure>false</generatedStructure>
            </org.mule.common.metadata.property.StructureIdentifierMetaDataModelProperty>
          </properties>
        </metaDataModelPropertiesManager>
        <fields>
          <org.mule.common.metadata.DefaultMetaDataField>
            <name>ns0:CityName</name>
            <model class="org.mule.common.metadata.DefaultSimpleMetaDataModel">
              <dataType>STRING</dataType>
              <metaDataModelPropertiesManager>
                <properties>
                  <org.mule.common.metadata.property.xml.SchemaTypeMetaDataProperty>
                    <typeQName>
                      <namespaceURI>http://www.w3.org/2001/XMLSchema</namespaceURI>
                      <localPart>string</localPart>
                      <prefix></prefix>
                    </typeQName>
                  </org.mule.common.metadata.property.xml.SchemaTypeMetaDataProperty>
                </properties>
              </metaDataModelPropertiesManager>
            </model>
            <accessType>READ_WRITE</accessType>
            <metaDataFieldPropertyManager>
              <properties>
                <org.mule.common.metadata.property.QNameMetaDataProperty>
                  <name>
                    <namespaceURI>http://www.webserviceX.NET</namespaceURI>
                    <localPart>CityName</localPart>
                    <prefix>ns0</prefix>
                  </name>
                </org.mule.common.metadata.property.QNameMetaDataProperty>
              </properties>
            </metaDataFieldPropertyManager>
          </org.mule.common.metadata.DefaultMetaDataField>
          <org.mule.common.metadata.DefaultMetaDataField>
            <name>ns0:CountryName</name>
            <model class="org.mule.common.metadata.DefaultSimpleMetaDataModel">
              <dataType>STRING</dataType>
              <metaDataModelPropertiesManager>
                <properties>
                  <org.mule.common.metadata.property.xml.SchemaTypeMetaDataProperty>
                    <typeQName reference="../../../../../../org.mule.common.metadata.DefaultMetaDataField/model/metaDataModelPropertiesManager/properties/org.mule.common.metadata.property.xml.SchemaTypeMetaDataProperty/typeQName"/>
                  </org.mule.common.metadata.property.xml.SchemaTypeMetaDataProperty>
                </properties>
              </metaDataModelPropertiesManager>
            </model>
            <accessType>READ_WRITE</accessType>
            <metaDataFieldPropertyManager>
              <properties>
                <org.mule.common.metadata.property.QNameMetaDataProperty>
                  <name>
                    <namespaceURI>http://www.webserviceX.NET</namespaceURI>
                    <localPart>CountryName</localPart>
                    <prefix>ns0</prefix>
                  </name>
                </org.mule.common.metadata.property.QNameMetaDataProperty>
              </properties>
            </metaDataFieldPropertyManager>
          </org.mule.common.metadata.DefaultMetaDataField>
        </fields>
        <rootElement>
          <namespaceURI>http://www.webserviceX.NET</namespaceURI>
          <localPart>GetWeather</localPart>
          <prefix>ns0</prefix>
        </rootElement>
        <schemas class="org.mule.common.metadata.StringBasedSchemaProvider">
          <schemas>
            <string>&lt;?xml version=&quot;1.0&quot; encoding=&quot;UTF-8&quot;?&gt;&lt;s:schema xmlns:s=&quot;http://www.w3.org/2001/XMLSchema&quot; xmlns:http=&quot;http://schemas.xmlsoap.org/wsdl/http/&quot; xmlns:mime=&quot;http://schemas.xmlsoap.org/wsdl/mime/&quot; xmlns:soap=&quot;http://schemas.xmlsoap.org/wsdl/soap/&quot; xmlns:soap12=&quot;http://schemas.xmlsoap.org/wsdl/soap12/&quot; xmlns:soapenc=&quot;http://schemas.xmlsoap.org/soap/encoding/&quot; xmlns:tm=&quot;http://microsoft.com/wsdl/mime/textMatching/&quot; xmlns:tns=&quot;http://www.webserviceX.NET&quot; xmlns:wsdl=&quot;http://schemas.xmlsoap.org/wsdl/&quot; elementFormDefault=&quot;qualified&quot; targetNamespace=&quot;http://www.webserviceX.NET&quot;&gt;&#xd;
      &lt;s:element name=&quot;GetWeather&quot;&gt;&#xd;
        &lt;s:complexType&gt;&#xd;
          &lt;s:sequence&gt;&#xd;
            &lt;s:element maxOccurs=&quot;1&quot; minOccurs=&quot;0&quot; name=&quot;CityName&quot; type=&quot;s:string&quot;/&gt;&#xd;
            &lt;s:element maxOccurs=&quot;1&quot; minOccurs=&quot;0&quot; name=&quot;CountryName&quot; type=&quot;s:string&quot;/&gt;&#xd;
          &lt;/s:sequence&gt;&#xd;
        &lt;/s:complexType&gt;&#xd;
      &lt;/s:element&gt;&#xd;
      &lt;s:element name=&quot;GetWeatherResponse&quot;&gt;&#xd;
        &lt;s:complexType&gt;&#xd;
          &lt;s:sequence&gt;&#xd;
            &lt;s:element maxOccurs=&quot;1&quot; minOccurs=&quot;0&quot; name=&quot;GetWeatherResult&quot; type=&quot;s:string&quot;/&gt;&#xd;
          &lt;/s:sequence&gt;&#xd;
        &lt;/s:complexType&gt;&#xd;
      &lt;/s:element&gt;&#xd;
      &lt;s:element name=&quot;GetCitiesByCountry&quot;&gt;&#xd;
        &lt;s:complexType&gt;&#xd;
          &lt;s:sequence&gt;&#xd;
            &lt;s:element maxOccurs=&quot;1&quot; minOccurs=&quot;0&quot; name=&quot;CountryName&quot; type=&quot;s:string&quot;/&gt;&#xd;
          &lt;/s:sequence&gt;&#xd;
        &lt;/s:complexType&gt;&#xd;
      &lt;/s:element&gt;&#xd;
      &lt;s:element name=&quot;GetCitiesByCountryResponse&quot;&gt;&#xd;
        &lt;s:complexType&gt;&#xd;
          &lt;s:sequence&gt;&#xd;
            &lt;s:element maxOccurs=&quot;1&quot; minOccurs=&quot;0&quot; name=&quot;GetCitiesByCountryResult&quot; type=&quot;s:string&quot;/&gt;&#xd;
          &lt;/s:sequence&gt;&#xd;
        &lt;/s:complexType&gt;&#xd;
      &lt;/s:element&gt;&#xd;
      &lt;s:element name=&quot;string&quot; nillable=&quot;true&quot; type=&quot;s:string&quot;/&gt;&#xd;
    &lt;/s:schema&gt;</string>
          </schemas>
          <encoding>windows-1252</encoding>
          <baseUri>file:/C:/Anypoint_3.9/AnypointStudio/https:/exchange2-asset-manager-kprod.s3.amazonaws.com/68ef9520-24e9-4cf2-b2f5-620025690913/08506d7c-2d79-4c64-8024-2006dd065cc3/global-weather-wsdl-1.0.0-wsdl.wsdl%3FX-Amz-Algorithm=AWS4-HMAC-SHA256&amp;X-Amz-Credential=AKIAJTBQMSKYL2HXJA4A%252F20190209%252Fus-east-1%252Fs3%252Faws4_request&amp;X-Amz-Date=20190209T054130Z&amp;X-Amz-Expires=86400&amp;X-Amz-Signature=35c86a699fff53d62402e16b5494bd607201d901dff15024018930eb32b85c1f&amp;X-Amz-SignedHeaders=host&amp;response-content-disposition=attachment%253B%2520filename%253Dglobal-weather-wsdl-1.0.0-wsdl.wsdl</baseUri>
        </schemas>
        <namespaceManager>
          <namespacePrefix class="tree-map">
            <entry>
              <string>http://www.webserviceX.NET</string>
              <string>ns0</string>
            </entry>
          </namespacePrefix>
        </namespaceManager>
      </org.mule.common.metadata.DefaultXmlMetaDataModel>
    </entry>
    <entry>
      <org.mule.common.metadata.DefaultMetaDataKey>
        <id>GetWeatherResponse</id>
        <displayName>GetWeatherResponse</displayName>
        <category>DEFAULT</category>
        <metaDataKeyPropertiesManager>
          <properties>
            <org.mule.common.metadata.key.property.dsql.DsqlFromMetaDataKeyProperty/>
          </properties>
        </metaDataKeyPropertiesManager>
      </org.mule.common.metadata.DefaultMetaDataKey>
      <org.mule.common.metadata.DefaultXmlMetaDataModel>
        <dataType>XML</dataType>
        <metaDataModelPropertiesManager>
          <properties>
            <org.mule.common.metadata.property.TextBasedExampleMetaDataModelProperty/>
            <org.mule.common.metadata.property.xml.SchemaTypeMetaDataProperty/>
            <org.mule.common.metadata.property.StructureIdentifierMetaDataModelProperty>
              <metaDataKey class="org.mule.common.metadata.DefaultMetaDataKey" reference="../../../../../org.mule.common.metadata.DefaultMetaDataKey"/>
              <derivedStructure>false</derivedStructure>
              <generatedStructure>false</generatedStructure>
            </org.mule.common.metadata.property.StructureIdentifierMetaDataModelProperty>
          </properties>
        </metaDataModelPropertiesManager>
        <fields>
          <org.mule.common.metadata.DefaultMetaDataField>
            <name>ns0:GetWeatherResult</name>
            <model class="org.mule.common.metadata.DefaultSimpleMetaDataModel">
              <dataType>STRING</dataType>
              <metaDataModelPropertiesManager>
                <properties>
                  <org.mule.common.metadata.property.xml.SchemaTypeMetaDataProperty>
                    <typeQName reference="../../../../../../../../../entry/org.mule.common.metadata.DefaultXmlMetaDataModel/fields/org.mule.common.metadata.DefaultMetaDataField/model/metaDataModelPropertiesManager/properties/org.mule.common.metadata.property.xml.SchemaTypeMetaDataProperty/typeQName"/>
                  </org.mule.common.metadata.property.xml.SchemaTypeMetaDataProperty>
                </properties>
              </metaDataModelPropertiesManager>
            </model>
            <accessType>READ_WRITE</accessType>
            <metaDataFieldPropertyManager>
              <properties>
                <org.mule.common.metadata.property.QNameMetaDataProperty>
                  <name>
                    <namespaceURI>http://www.webserviceX.NET</namespaceURI>
                    <localPart>GetWeatherResult</localPart>
                    <prefix>ns0</prefix>
                  </name>
                </org.mule.common.metadata.property.QNameMetaDataProperty>
              </properties>
            </metaDataFieldPropertyManager>
          </org.mule.common.metadata.DefaultMetaDataField>
        </fields>
        <rootElement>
          <namespaceURI>http://www.webserviceX.NET</namespaceURI>
          <localPart>GetWeatherResponse</localPart>
          <prefix>ns0</prefix>
        </rootElement>
        <schemas class="org.mule.common.metadata.StringBasedSchemaProvider">
          <schemas>
            <string>&lt;?xml version=&quot;1.0&quot; encoding=&quot;UTF-8&quot;?&gt;&lt;s:schema xmlns:s=&quot;http://www.w3.org/2001/XMLSchema&quot; xmlns:http=&quot;http://schemas.xmlsoap.org/wsdl/http/&quot; xmlns:mime=&quot;http://schemas.xmlsoap.org/wsdl/mime/&quot; xmlns:soap=&quot;http://schemas.xmlsoap.org/wsdl/soap/&quot; xmlns:soap12=&quot;http://schemas.xmlsoap.org/wsdl/soap12/&quot; xmlns:soapenc=&quot;http://schemas.xmlsoap.org/soap/encoding/&quot; xmlns:tm=&quot;http://microsoft.com/wsdl/mime/textMatching/&quot; xmlns:tns=&quot;http://www.webserviceX.NET&quot; xmlns:wsdl=&quot;http://schemas.xmlsoap.org/wsdl/&quot; elementFormDefault=&quot;qualified&quot; targetNamespace=&quot;http://www.webserviceX.NET&quot;&gt;&#xd;
      &lt;s:element name=&quot;GetWeather&quot;&gt;&#xd;
        &lt;s:complexType&gt;&#xd;
          &lt;s:sequence&gt;&#xd;
            &lt;s:element maxOccurs=&quot;1&quot; minOccurs=&quot;0&quot; name=&quot;CityName&quot; type=&quot;s:string&quot;/&gt;&#xd;
            &lt;s:element maxOccurs=&quot;1&quot; minOccurs=&quot;0&quot; name=&quot;CountryName&quot; type=&quot;s:string&quot;/&gt;&#xd;
          &lt;/s:sequence&gt;&#xd;
        &lt;/s:complexType&gt;&#xd;
      &lt;/s:element&gt;&#xd;
      &lt;s:element name=&quot;GetWeatherResponse&quot;&gt;&#xd;
        &lt;s:complexType&gt;&#xd;
          &lt;s:sequence&gt;&#xd;
            &lt;s:element maxOccurs=&quot;1&quot; minOccurs=&quot;0&quot; name=&quot;GetWeatherResult&quot; type=&quot;s:string&quot;/&gt;&#xd;
          &lt;/s:sequence&gt;&#xd;
        &lt;/s:complexType&gt;&#xd;
      &lt;/s:element&gt;&#xd;
      &lt;s:element name=&quot;GetCitiesByCountry&quot;&gt;&#xd;
        &lt;s:complexType&gt;&#xd;
          &lt;s:sequence&gt;&#xd;
            &lt;s:element maxOccurs=&quot;1&quot; minOccurs=&quot;0&quot; name=&quot;CountryName&quot; type=&quot;s:string&quot;/&gt;&#xd;
          &lt;/s:sequence&gt;&#xd;
        &lt;/s:complexType&gt;&#xd;
      &lt;/s:element&gt;&#xd;
      &lt;s:element name=&quot;GetCitiesByCountryResponse&quot;&gt;&#xd;
        &lt;s:complexType&gt;&#xd;
          &lt;s:sequence&gt;&#xd;
            &lt;s:element maxOccurs=&quot;1&quot; minOccurs=&quot;0&quot; name=&quot;GetCitiesByCountryResult&quot; type=&quot;s:string&quot;/&gt;&#xd;
          &lt;/s:sequence&gt;&#xd;
        &lt;/s:complexType&gt;&#xd;
      &lt;/s:element&gt;&#xd;
      &lt;s:element name=&quot;string&quot; nillable=&quot;true&quot; type=&quot;s:string&quot;/&gt;&#xd;
    &lt;/s:schema&gt;</string>
          </schemas>
          <encoding reference="../../../../entry/org.mule.common.metadata.DefaultXmlMetaDataModel/schemas/encoding"/>
          <baseUri>file:/C:/Anypoint_3.9/AnypointStudio/https:/exchange2-asset-manager-kprod.s3.amazonaws.com/68ef9520-24e9-4cf2-b2f5-620025690913/08506d7c-2d79-4c64-8024-2006dd065cc3/global-weather-wsdl-1.0.0-wsdl.wsdl%3FX-Amz-Algorithm=AWS4-HMAC-SHA256&amp;X-Amz-Credential=AKIAJTBQMSKYL2HXJA4A%252F20190209%252Fus-east-1%252Fs3%252Faws4_request&amp;X-Amz-Date=20190209T054130Z&amp;X-Amz-Expires=86400&amp;X-Amz-Signature=35c86a699fff53d62402e16b5494bd607201d901dff15024018930eb32b85c1f&amp;X-Amz-SignedHeaders=host&amp;response-content-disposition=attachment%253B%2520filename%253Dglobal-weather-wsdl-1.0.0-wsdl.wsdl</baseUri>
        </schemas>
        <namespaceManager>
          <namespacePrefix class="tree-map">
            <entry>
              <string>http://www.webserviceX.NET</string>
              <string>ns0</string>
            </entry>
          </namespacePrefix>
        </namespaceManager>
      </org.mule.common.metadata.DefaultXmlMetaDataModel>
    </entry>
  </types>
  <connectorName>WS_Consumer_Cities</connectorName>
</metadata__catalog__entry>